# The seconds each whole-domain (`exhaustive`) test took on the hosted runner, one test to a
# line: the binary's stem, the test's name as `--list` prints it, the seconds. Read by
# `scripts/exhaustive-shard.sh` to deal the tests to the weekly shards longest first
# (ADR-0092). Advisory: which tests run is always what `--list` names, so a stale or missing
# line changes the balance and never the coverage; a test with no line is costed at 900 s.
# `npm run spec:costs` fails on a line that names no test in the tree. Regenerate from a
# weekly run's `exhaustive-tests-*` artifacts: `node scripts/exhaustive-costs.mjs from <dir> --run <id>`.
# Source: run 37872100407.
active	a_drive_256_times_sparser_at_1024_units_timed_with_no_census_exhaustive	2
active	a_drive_256_times_sparser_at_1024_units_timed_with_no_census_on_one_worker_exhaustive	1
active	a_drive_sixteen_times_sparser_at_1024_units_timed_with_no_census_exhaustive	13
active	the_active_set_under_a_drive_256_times_sparser_at_1024_units_exhaustive	3
active	the_active_set_under_a_drive_sixteen_times_sparser_at_1024_units_exhaustive	14
active	the_active_set_under_the_reference_drive_at_1024_units_exhaustive	19
active	the_active_set_under_the_reference_drive_at_4096_units_exhaustive	34
active	the_reference_drive_at_1024_units_timed_with_no_census_exhaustive	10
active	the_reference_drive_at_1024_units_timed_with_no_census_on_one_worker_exhaustive	29
active	the_reference_drive_at_4096_units_timed_with_no_census_exhaustive	33
assembly	the_gate_raised_the_quiet_soma_and_adr_0117s_cell_exhaustive	451
assembly	the_gate_raised_to_0_9_the_slow_current_alone_the_core_grid_at_shift_2_exhaustive	534
assembly	the_gate_raised_to_0_9_with_the_facilitating_class_the_core_grid_at_shift_2_exhaustive	331
assembly	the_kick_and_the_background_at_1024_units_exhaustive	138
cortex_core	dynamics::plasticity::prop::exhaustive_the_efficacy_is_bounded_by_one_for_every_input	2
everywhere	plasticity_everywhere_at_1024_units_exhaustive	1128
inhibition	a_critic_of_the_engines_own_from_the_assignment_at_1024_units_exhaustive	1779
inhibition	a_critic_of_the_engines_own_from_the_mirrored_assignment_at_1024_units_exhaustive	1710
inhibition	a_critic_with_a_window_from_the_assignment_at_1024_units_exhaustive	1085
inhibition	a_critic_with_a_window_from_the_mirrored_assignment_at_1024_units_exhaustive	1722
inhibition	a_punishment_the_value_does_not_soften_from_the_assignment_at_1024_units_exhaustive	1798
inhibition	a_punishment_the_value_does_not_soften_from_the_mirrored_assignment_at_1024_units_exhaustive	1729
inhibition	a_reward_right_seven_times_in_eight_from_the_assignment_at_1024_units_exhaustive	1750
inhibition	a_reward_right_seven_times_in_eight_from_the_mirrored_assignment_at_1024_units_exhaustive	1781
inhibition	a_target_the_network_fires_at_from_the_assignment_at_1024_units_exhaustive	1709
inhibition	a_target_the_network_fires_at_from_the_mirrored_assignment_at_1024_units_exhaustive	1743
inhibition	inhibition_off_the_gate_at_1024_units_exhaustive	685
inhibition	the_address_drawn_from_the_assignment_at_1024_units_exhaustive	1079
inhibition	the_address_drawn_from_the_mirrored_assignment_at_1024_units_exhaustive	1768
inhibition	the_assignment_reversed_from_the_assignment_at_1024_units_exhaustive	784
inhibition	the_assignment_reversed_from_the_mirrored_assignment_at_1024_units_exhaustive	633
inhibition	the_critic_from_the_assignment_at_1024_units_exhaustive	1104
inhibition	the_critic_from_the_mirrored_assignment_at_1024_units_exhaustive	838
inhibition	the_gate_s_output_delivered_from_the_assignment_at_1024_units_exhaustive	1782
inhibition	the_gate_s_output_delivered_from_the_mirrored_assignment_at_1024_units_exhaustive	1370
inhibition	the_punished_pair_from_the_assignment_at_1024_units_exhaustive	1141
inhibition	the_punished_pair_from_the_mirrored_assignment_at_1024_units_exhaustive	942
inhibition	the_release_alone_from_the_assignment_at_1024_units_exhaustive	1047
inhibition	the_release_alone_from_the_mirrored_assignment_at_1024_units_exhaustive	1398
inhibition	the_reward_unaddressed_from_the_assignment_at_1024_units_exhaustive	1752
inhibition	the_reward_unaddressed_from_the_mirrored_assignment_at_1024_units_exhaustive	1804
inhibition	the_schedule_of_reversals_from_the_assignment_at_1024_units_exhaustive	1197
inhibition	the_schedule_of_reversals_from_the_mirrored_assignment_at_1024_units_exhaustive	1726
inhibition	three_answers_from_the_assignment_at_1024_units_exhaustive	1446
inhibition	three_answers_from_the_mirrored_assignment_at_1024_units_exhaustive	1729
instrument	the_addressed_mirrored_assignment_at_1024_units_exhaustive	62
instrument	the_addressed_rewarded_run_at_1024_units_on_four_workers_exhaustive	611
instrument	the_addressed_rewarded_run_at_1024_units_on_one_worker_is_the_same_run_exhaustive	105
instrument	the_addressed_rewarded_run_at_256_units_exhaustive	30
instrument	the_addressed_shuffled_reward_at_1024_units_exhaustive	102
instrument	the_calibration_at_1024_units_exhaustive	33
instrument	the_calibration_at_256_units_exhaustive	10
instrument	the_candidate_stimuli_at_1024_units_exhaustive	40
instrument	the_composition_at_1024_units_exhaustive	14
instrument	the_controller_at_1024_units_exhaustive	82
instrument	the_fixed_modulation_under_the_addressed_delivery_at_1024_units_is_the_global_form_exhaustive	102
instrument	the_ladder_below_the_present_gain_at_1024_units_exhaustive	47
instrument	the_recalibrated_fixed_modulation_at_1024_units_exhaustive	64
instrument	the_recalibrated_fixed_modulation_at_256_units_exhaustive	38
instrument	the_recalibrated_mirrored_assignment_at_1024_units_exhaustive	63
instrument	the_recalibrated_mirrored_assignment_at_256_units_exhaustive	18
instrument	the_recalibrated_rewarded_run_at_1024_units_on_four_workers_exhaustive	606
instrument	the_recalibrated_rewarded_run_at_1024_units_on_one_worker_is_the_same_run_exhaustive	69
instrument	the_recalibrated_rewarded_run_at_256_units_behind_the_lead_in_exhaustive	118
instrument	the_recalibrated_rewarded_run_at_256_units_on_four_workers_exhaustive	657
instrument	the_recalibrated_rewarded_run_at_256_units_on_one_worker_is_the_same_run_exhaustive	52
instrument	the_recalibrated_shuffled_reward_at_1024_units_exhaustive	79
instrument	the_recalibrated_shuffled_reward_at_256_units_exhaustive	32
instrument	the_reinforced_form_at_1024_units_exhaustive	744
instrument	the_rewards_direction_at_1024_units_exhaustive	552
instrument	the_settled_network_at_1024_units_exhaustive	171
instrument	the_settling_at_256_units_exhaustive	40
instrument	the_two_injections_at_1024_units_exhaustive	32
learning	the_criterion_at_1024_units_as_written_exhaustive	0
learning	the_fixed_modulation_at_1024_units_exhaustive	90
learning	the_fixed_modulation_at_256_units_exhaustive	5
learning	the_mirrored_assignment_at_1024_units_exhaustive	111
learning	the_mirrored_assignment_at_256_units_exhaustive	6
learning	the_rewarded_run_at_1024_units_on_four_workers_exhaustive	103
learning	the_rewarded_run_at_1024_units_on_one_worker_is_the_same_run_exhaustive	109
learning	the_rewarded_run_at_256_units_on_four_workers_exhaustive	26
learning	the_rewarded_run_at_256_units_on_one_worker_is_the_same_run_exhaustive	15
learning	the_shuffled_reward_at_1024_units_exhaustive	146
learning	the_shuffled_reward_at_256_units_exhaustive	7
reference	a_night_at_1024_units_exhaustive	2
reference	a_waking_day_at_1024_units_at_two_target_periods_exhaustive	126
reference	a_waking_day_from_below_the_rail_at_1024_units_at_two_target_periods_exhaustive	336
reference	an_experience_and_a_rewarded_invention_are_tagged_from_the_train_at_1024_units_exhaustive	4
reference	the_estimate_the_causal_ratios_and_the_loop_at_1024_units_exhaustive	95
reference	the_estimate_the_causal_ratios_and_the_loop_at_256_units_exhaustive	19
reference	the_estimate_the_causal_ratios_and_the_loop_at_4096_units_exhaustive	492
